{
  "evaluation_date": "2025-07-06T20:03:34.484897",
  "database_evaluation": {
    "accuracy": 0.9722222222222222,
    "precision": 0.9777777777777779,
    "recall": 0.9722222222222222,
    "f1_score": 0.9717813051146386,
    "confusion_matrix": [
      [
        3,
        1,
        0,
        0,
        0,
        0,
        0,
        0
      ],
      [
        0,
        4,
        0,
        0,
        0,
        0,
        0,
        0
      ],
      [
        0,
        0,
        5,
        0,
        0,
        0,
        0,
        0
      ],
      [
        0,
        0,
        0,
        5,
        0,
        0,
        0,
        0
      ],
      [
        0,
        0,
        0,
        0,
        5,
        0,
        0,
        0
      ],
      [
        0,
        0,
        0,
        0,
        0,
        4,
        0,
        0
      ],
      [
        0,
        0,
        0,
        0,
        0,
        0,
        5,
        0
      ],
      [
        0,
        0,
        0,
        0,
        0,
        0,
        0,
        4
      ]
    ],
    "total_samples": 120,
    "unique_users": 8,
    "train_samples": 84,
    "test_samples": 36,
    "samples_per_user": {
      "USER_685eb862519131.70324980": 15,
      "USER_68616cab9cbd82.75115394": 15,
      "USER_68617494a33632.40468956": 15,
      "USER_686174ac3f49b6.15280164": 15,
      "USER_686175d84d5e31.77005444": 15,
      "USER_68617652de7d07.81328708": 15,
      "USER_68617663527471.07016789": 15,
      "USER_68637b9e70a266.84662447": 15
    }
  },
  "live_testing": {
    "metrics": {},
    "detailed_results": []
  }
}